log_entropy,IR_norm_range,entropy_x_contrast,class
-2.2557015070951953,0.8515939750410603,5.43432016,1.0
-0.32767108066814415,0.006831799163179929,3.27570348,0.0
-2.3936044913812142,0.028966666666666724,7.15031471,0.0
-0.763784260159386,5.9883311048985055,0.84831072,1.0
-3.473768074496991,0.24456209150326802,15.204855199999999,0.0
-1.5315513737770292,0.02157252252252248,6.329255,0.0
-3.8121776704584303,0.25501194968553453,27.53632375,0.0
-3.4802405890026082,0.11002972972972977,16.595939360000003,0.0
-3.8304430184357234,0.2936071895424836,21.97514081,0.0
-3.5935692743096115,0.16679936305732485,16.6637405,0.0
-2.5083800059736427,-1.7638143912559459,3.96587312,1.0
-1.0567028855909002,-0.09262622205924863,0.8487349200000001,1.0
-1.290620611051608,-0.2922387209790513,0.7278595800000001,1.0
-2.2537949288246137,0.19025687956243212,11.25075,1.0
-3.3410434588424085,0.17313882352941184,37.35422868,0.0
-2.3623350973998196,0.14012500000000003,96.98713307999999,0.0
-2.862951162320172,-1.4396513376090274,6.56197768,1.0
-2.816749618025551,4.470072879516205,6.64328366,1.0
-0.8209805520698302,-0.08556359940363142,0.322652,1.0
-3.066154737850537,-1.026245403816592,8.61556178,1.0
-3.586322865788844,0.24420124223602477,15.004513840000001,0.0
-3.8121776704584303,0.26992452830188685,20.468650930000003,0.0
-2.7135653817903203,0.13680439560439567,43.50909654,0.0
-2.9224818118143987,0.04479655172413799,16.61366596,0.0
-1.6906479678596436,-0.4714615114601719,1.9538655200000001,1.0
-2.1937306880819634,-0.498547650347236,3.86161295,1.0
-2.945039159238473,-1.303750724255026,6.59450408,1.0
-3.519980917652122,0.08123861386138616,13.62759728,0.0
-3.055482277959765,0.10607515527950315,31.246535640000005,0.0
-1.2289487903961132,-0.11931086925526349,1.04727392,1.0
-2.2936253516225737,0.032586010362694255,8.51931997,0.0
-1.4705459135674817,-0.09510579013333524,1.005375,1.0
-2.828524354570084,-2.565430620854774,7.37592822,1.0
-2.7302958100495296,-1.5142603002339485,4.92151116,1.0
-3.1748589394514264,0.06827812499999997,8.220492499999999,0.0
-2.8473122684357177,-4.726747379754345,9.9711686,1.0
-2.322787800311565,-0.6803689199848774,4.4973866000000005,1.0
-2.0417604747121474,-1.4819469263013747,2.3282875,1.0
-2.5523293261054345,-0.7190310170242638,4.33740968,1.0
-3.835061964292018,0.310214074074074,26.845469280000003,0.0
-0.8632240109374628,-0.2692765332838196,0.33744,1.0
-2.119430549896199,-0.49134238132663177,7.619348169999999,1.0
-2.142168371588141,0.01835739910313907,7.23574942,0.0
-2.3126354288475475,3.5303829915560945,7.164709200000001,1.0
-3.600868576791223,0.16013654822335022,16.231441590000003,0.0
-3.5370171048046903,0.36054299065420564,15.203536530000001,0.0
-3.3270179834879037,0.06974216216216214,30.33116328,0.0
-0.08446915662644996,0.03635773103303349,0.17994020000000002,1.0
-3.763603000309873,0.18420542168674703,20.280859999999997,0.0
-2.269150316907808,-0.35024227500198585,3.06107428,1.0
-2.779009290042704,-3.274903842956428,5.64462918,1.0
-2.4406983951236803,-0.6299969729579413,3.80046043,1.0
-3.8873303928377743,0.16720056179775275,23.36973965,0.0
-3.600868576791223,0.14782303370786518,23.84279625,0.0
-3.8776215787108135,0.26628888888888885,29.26773207,0.0
-1.3023209273437122,0.09745097315670151,6.226509999999999,1.0
-3.03032371832361,0.9506694174027039,8.615111610000001,1.0
-1.6347557204183902,-0.09813908528946517,1.3763685,1.0
-3.9322257127456655,0.26042484076433114,23.14849964,0.0
-0.994252273343867,-0.19050719258887588,0.511821,1.0
-3.343872315042886,0.7235806451612904,13.39664652,0.0
-1.88453286938041,-0.34019621410206924,4.45890298,1.0
-2.785471348070795,0.03941935483870964,13.0804,0.0
-2.0039630805039303,-1.6499604772838483,2.32136384,1.0
-2.7333680090865,0.06134010416666665,17.3514835,0.0
-0.20653228550901287,0.008976326530612207,0.08475628,0.0
-0.9665319483109018,-0.10345332754528204,0.48660768,1.0
-2.4476108650443034,0.8339946849175436,5.1744992,1.0
-1.5832829549572491,-0.6565112007338451,1.22580524,1.0
-1.150432037397906,0.007103797468354484,6.42495,0.0
-2.631089159966082,-0.7790755283224091,5.4543023999999996,1.0
-0.9218059125622653,0.007011111111111138,2.99674674,0.0
-0.4692039490751713,0.0017655999999999495,0.2162979,0.0
-3.506557897319982,0.10632240437158466,14.870127,0.0
-0.7624972586947385,-0.05964260253790215,0.37320000000000003,1.0
-2.1671804559878423,-0.37167179651475457,3.31906875,1.0
-3.366795954944823,0.19390000000000002,12.792168750000002,0.0
-3.8824642031866015,0.17868285714285712,25.5720675,0.0
-2.2595256035335987,0.1400957202752946,9.653085,1.0
-1.8036296417985422,-0.32831400243001263,1.8089495100000001,1.0
-2.0402208285265546,-0.6309127300589513,3.5127040000000003,1.0
-2.9206248010671856,-0.6685703907570656,6.357505000000001,1.0
-1.5915979943057694,-0.08807904005752565,1.61521988,1.0
-3.223888366691745,-1.7718146100781216,10.63522466,1.0
-0.8000644629060228,-0.0508768560070312,0.36878543999999996,1.0
-2.8949823704538478,-0.6314496192404685,9.04638875,1.0
-2.7211354406508654,-0.6124211765965419,6.6156438600000005,1.0
-2.509609262428372,-0.8929452684432069,3.6418985399999997,1.0
-3.451438598098902,0.12302554347826082,15.318891859999999,0.0
-2.187472285893541,0.026754245283018837,11.791748759999999,0.0
-3.6306105459899607,0.19905272727272735,19.8553423,0.0
-2.617295837833746,-0.667613858546886,6.0586934,1.0
-3.6268440631944836,0.13465232558139537,27.69536672,0.0
-0.5315386653635323,0.08978308063110023,4.096739159999999,1.0
-3.3270179834879037,0.0819038043478261,16.46239375,0.0
-2.5472076759853794,-0.5150383951206966,4.47093,1.0
-0.8594379202813723,-0.1100824797699842,0.48513172,1.0
-3.733876820044672,0.36520855263157886,23.23219337,0.0
-3.101092789211817,-3.023320283053279,9.141938999999999,1.0
-3.676950883248663,0.27936000000000005,21.525558779999997,0.0
-3.0640111143072857,0.45715041068070267,8.844592389999999,1.0
-0.9070832511232418,-0.10799103100162767,0.40034929,1.0
-0.8298837041334164,-0.15073229112821726,0.39610963,1.0
-3.9899845468978574,0.14761142857142853,28.657043899999998,0.0
-1.4048657467053258,-4.2211154484677165,2.9897818199999997,1.0
-3.6381863397984184,0.11075129533678757,17.74625375,0.0
-0.28648279187629877,0.005271951219512169,0.10948122000000002,0.0
-2.845589615124272,0.049764062499999984,15.583384460000001,0.0
-2.785471348070795,-1.122889493812522,5.15272125,1.0
-2.2136588837996443,-0.571050685647984,4.34877375,1.0
-3.789805372703897,0.15297241379310342,20.36608492,0.0
-3.114515809543958,0.17101806451612905,20.215137960000003,0.0
-3.5508581562165618,0.16761794871794877,17.26938983,0.0
-3.1796551117149194,0.13334193548387102,21.59438528,0.0
-0.2307977702510693,0.0076563999999999625,0.09264813000000001,0.0
-2.843869924244745,6.46335994750082,17.39695194,1.0
-1.0308601866172913,-0.25966839503040967,3.3306862500000003,1.0
-1.4567168254164364,-0.11157089723215656,0.9640375000000001,1.0
-2.4710037446190087,16.030685604068033,13.726323650000001,1.0
-1.90112800628342,0.03005595854922285,28.09342998,0.0
-1.9262055657809778,-0.5739832763207906,2.00276306,1.0
-1.3163952337402234,-0.17678726676921025,0.79424625,1.0
-0.7242251361308066,-0.04930682649007853,0.27870249999999996,1.0
-0.6451192115493638,0.047165197023973635,8.2296625,1.0
-2.3740810946991155,-1.1015767642018846,4.9971425,1.0
-0.2642259964154397,0.0030258196721311865,0.11194524000000002,0.0
-2.419118909249997,-0.292333470231542,4.3461637,1.0
-3.0900429530252325,0.057157843137254916,12.525012499999999,0.0
-2.6606896297423726,-2.303923257466463,6.08596233,1.0
-4.219907785197447,0.2450349397590362,36.02271603,0.0
-3.6268440631944836,0.1711164705882353,15.689235940000001,0.0
-2.499817262523754,-0.6909088054719617,4.784377500000001,1.0
-1.870802676568508,0.023721363636363693,11.3311968,0.0
-3.2365307601069215,0.08584651162790702,13.567342500000002,0.0
-3.0261914810387,0.19037108433734934,38.623983800000005,0.0
-2.279845606024556,0.009655844155844183,5.84601534,0.0
-2.5182566294695548,-0.7030954805059046,6.515841020000001,1.0
-1.3089630181835672,0.019120175438596464,3.1534175,0.0
-3.7090821614314557,0.1675955414012739,26.5638163,0.0
-0.818710403535291,0.007546382978723444,1.2623624999999998,0.0
-0.9021413087697354,-0.19131114930186863,0.44627000000000006,1.0
-2.610469872763346,-0.46623226976281695,4.832625,1.0
-0.45444529032988296,-0.04579337192597891,0.23011500000000001,1.0
-3.402197881995739,0.08417747252747254,11.86742403,0.0
-2.0189110419398033,0.02764878048780491,16.81690224,0.0
-0.08327291919382147,0.00978938775510208,0.03836817,0.0
-2.526979426209908,0.025399118942731305,6.69262375,0.0
-0.9702190738997107,-0.08593336720863679,0.5005832,1.0
-2.667868411469378,0.05879637305699484,53.468071020000004,0.0
-2.529485693185968,0.06748203592814367,31.22380599,0.0
-3.5032301072273073,102.92580000000001,18.47374858,0.0
-3.7986943201211427,0.1514556818181819,29.204468159999998,0.0
-1.1737669622688702,-0.04307494890927238,0.66221364,1.0
-3.3581378922017087,0.12609649122807018,30.665325,0.0
-0.5572186633357012,-0.04070265638389023,0.26967424,1.0
-1.1501161315352253,0.014096618357487954,17.039665279999998,0.0
-1.2006450142332614,-0.3824137411264795,3.6709358,1.0
-3.733876820044672,0.15767045454545456,21.58090413,0.0
-1.6039529822035308,-0.6422291715228113,1.1211325,1.0
-3.7214026458194964,0.14877073170731714,24.83020672,0.0
-3.868006120011372,0.23083710691823903,22.054463749999996,0.0
-2.215490386143112,-0.3918948738330529,2.94479447,1.0
-2.5472076759853794,-0.4982166543846721,4.336512389999999,1.0
-3.729701448634191,0.31586993464052293,19.953799200000002,0.0
-0.03334997968155419,0.004557317073170783,0.01615224,0.0
-2.168054200036439,-0.5335876320247608,3.29137952,1.0
-3.338222582500767,0.1045482758620689,14.339042849999998,0.0
-1.2289487903961132,-1.613558456713588,7.074833920000001,1.0
-2.1261139498782664,0.018562820512820568,6.42480606,0.0
-1.2358075278459544,-0.0894539440360554,0.9698775000000001,1.0
-1.3955369424868231,0.010428773584905704,8.09154159,0.0
-2.675099100962524,-0.8007717419317888,8.04953188,1.0
-2.916921093129701,0.10851648351648352,38.65918375,0.0
-2.5257286443082556,-0.6482935267550229,4.906000000000001,1.0
-2.404617818559197,-0.5735081911109673,4.26705426,1.0
-2.3025850929940455,0.019941552511415512,16.64834,0.0
-2.796881414808826,0.0442244897959184,12.2437187,0.0
-2.9488486876551407,-1.4360737129836973,6.43079,1.0
-2.308603165319609,-0.20063556507729993,3.15677502,1.0
-2.877060743836492,0.4081672727272728,40.22142375000001,0.0
-4.098352583619639,0.22703575757575764,31.380920539999998,0.0
-2.5678535706089267,-0.5550577611490164,4.17886911,1.0
-3.8076629901039034,0.2804071895424836,21.65156676,0.0
-0.8523774061305022,0.009152066115702465,2.37005912,0.0
-2.1901496636642572,-1.3007337263263516,8.71608123,1.0
-3.0491330502811063,0.04424082568807337,8.846617499999999,0.0
-2.7936080894638566,-0.2522708804921934,7.14382704,1.0
-3.6119184129778077,0.1255672043010753,28.0137393,0.0
-3.759301918410482,0.15569488636363635,24.660915720000002,0.0
-3.2089254940150327,0.07249589743589739,35.982765,0.0
-0.5078301147861922,-0.052301570967963194,0.23572506,1.0
-3.5935692743096115,0.09578709677419348,16.026656250000002,0.0
-2.0826466726287842,-0.5705685580217059,2.5838925,1.0
-1.7378396272386245,-0.32009442077256994,2.59598497,1.0
-2.4698210123699593,0.036612272727272716,6.032335319999999,0.0
-2.449925680892755,-0.2798374820146136,3.4066925,1.0
-1.9484132792734319,-0.5617631803699357,11.470651499999999,1.0
-2.8234610526135375,-1.4195476553149822,6.15087,1.0
-3.0138962441816624,0.2187496062992127,28.293059939999996,0.0
-2.7105533313203285,-1.7095124370797665,11.05008555,1.0
-3.912023005428146,0.25240754716981134,22.888665999999997,0.0
-2.933696882634538,0.06409438775510204,12.64741156,0.0
-3.4900285953687713,0.12895500000000001,14.24019685,0.0
-3.4966075664668135,0.22195032258064515,19.27256952,0.0
-3.7050088360438203,0.13796373626373623,19.77952668,0.0
-2.419118909249997,-0.37217528001572014,3.8414625,1.0
-1.1913856888204646,0.017749308755760324,20.712840959999998,0.0
-2.6408589515618868,-2.062731204439125,5.72093375,1.0
-1.8630406712330185,-0.12466099714635721,1.77898,1.0
-0.515838165589535,0.004671428571428545,0.253725,0.0
-0.7221641296304379,0.0591856339077416,5.75350506,1.0
-2.7257051363409306,-1.3228171386461736,6.2686251,1.0
-3.6306105459899607,0.21974575163398702,23.98868245,0.0
-2.9224818118143987,0.051047120418848166,12.24801654,0.0
-2.4841069696174363,2.558263244914096,7.13626278,1.0
-1.5338667255870264,-0.21028158293133414,1.30677531,1.0
-4.12893600699172,0.2647416666666666,37.0524756,0.0
-3.338222582500767,-2.4590232768458904,9.5397375,1.0
-3.074775480894444,0.27311925925925934,12.065901539999999,0.0
-3.6573807870545654,0.14701704545454544,21.80691336,0.0
-2.7105533313203285,-0.7428559079678148,5.04818125,1.0
-1.4709811692870844,0.22887036427674823,17.46007125,1.0
-2.742641645871829,-0.4756592246019669,5.0237345200000005,1.0
-3.902072674574978,0.33357785234899334,21.92423968,0.0
-1.3216308477941685,-0.11381938868368942,1.03900986,1.0
-1.0252688944439001,4.030429927414855,26.87409096,1.0
-1.6383519225987426,0.012139655172413739,5.0760875,0.0
-2.50470127711618,0.03989090909090914,10.72993061,0.0
-3.8443643569543315,0.17243273809523818,22.602322619999995,0.0
-2.565249402470539,0.05640166666666665,24.33917298,0.0
-2.7135653817903203,-0.9400656814449916,6.315075,1.0
-3.684887432844399,0.1305395480225989,20.55731415,0.0
-1.981226494182881,-0.07234938846432545,1.8582025,1.0
-3.00780485478826,0.10127591623036655,6.9116775,0.0
-1.66812690878278,0.3067163906255713,17.25533462,1.0
-3.4802405890026082,0.2923464968152867,18.00401372,0.0
-3.759301918410482,0.11033551912568298,23.16165858,0.0
-2.4805163014867078,-6.746045426891096,8.39336904,1.0
-1.9768849533547437,4.250452352231606,5.3905308000000005,1.0
-3.750754857832024,0.14255698924731186,19.4780737,0.0
-3.902072674574978,0.1750917647058824,35.2302342,0.0
-3.083471187861998,-0.38083463131374756,8.25316,1.0
-2.6780060797538336,-2.22981847936091,8.36823021,1.0
-1.3455363686477229,-0.1678902498606385,0.9613186800000001,1.0
-1.9540431322855023,0.01515840707964606,4.86799014,0.0
-3.196625215933381,0.22771834319526624,8.549637839999999,0.0
-2.1370706545164726,-0.8490510095334458,2.349675,1.0
-3.6343912688298667,0.1660275449101796,21.26189736,0.0
-2.509609262428372,-11.912189446307574,4.22116104,1.0
-3.907035463917107,0.31260331125827817,23.52160692,0.0
-2.3957974747162245,0.09282134146341466,57.206245,0.0
-1.3787230956235725,-0.26280851817454437,0.9152282700000001,1.0
-1.5077842587076007,0.025463551401869115,35.8917075,0.0
-2.828524354570084,-2.8716641403702168,6.39856197,1.0
-1.369240606554063,-0.3513288808536839,2.11280069,1.0
-1.4233733693613115,-0.039162213691193964,0.96461178,1.0
-3.0640111143072857,-0.7358744774727751,7.946392609999999,1.0
-1.3428518032770538,-0.1657599965384636,0.91928088,1.0
-1.8799351601317802,-0.4036887701147629,1.94565,1.0
-3.6928874755114753,0.08453064516129034,23.0829225,0.0
-3.733876820044672,0.16056511627906975,22.904070270000002,0.0
-3.6268440631944836,0.08483589743589746,27.077469999999998,0.0
-4.173387769562554,0.22658562874251495,35.53980122,0.0
-0.5264470046689476,-0.03281178881383979,0.19936125000000002,1.0
-0.059007180580032424,0.05432945928123973,5.29090375,1.0
-2.3156703325427013,-0.7836932864557173,3.94183125,1.0
-3.3524072174927233,0.12653333333333336,11.267518500000001,0.0
-2.5862751441762892,-0.3959625789822443,4.723192500000001,1.0
-0.21579561365167146,0.005155465587044572,0.09735272,0.0
-2.1353771740101393,0.1120175204393099,5.69625894,1.0
-2.4441486573158326,-0.37602568214138776,4.53493544,1.0
-0.789878369519717,0.2654732431917735,29.97442125,1.0
-2.6366602050155374,-1.4003442035744937,6.8557,1.0
-1.5984979723957662,-0.19597793979355901,1.16685576,1.0
-2.9622974974677536,0.053684153005464426,21.785950890000002,0.0
-2.0923241675108497,-0.6627376475303337,2.72816422,1.0
-0.12522314475407806,0.0079559183673469,0.08452433999999999,0.0
-3.789805372703897,0.2197642857142858,19.34964766,0.0
-4.086376392572924,0.19680059523809523,33.973450559999996,0.0
-3.6888794541139363,0.14756397515527953,25.153855,0.0
-3.191747157479948,0.06079801980198026,19.215281609999998,0.0
-3.0428238810878416,0.04909607843137258,10.184546249999999,0.0
-2.1472922085880106,0.13170534759358282,89.99293999999999,0.0
-3.519980917652122,0.09088693181818189,36.85323432,0.0
-3.098873032473504,-1.2452976906017288,7.19025692,1.0
-3.759301918410482,0.38868476821192044,18.68630642,0.0
-2.5942751868433653,-0.5913058330192236,5.889161250000001,1.0
-1.3602368268006009,-0.15664339038997013,0.81041978,1.0
-1.1356912969095305,-0.1993777262126285,0.6852159600000001,1.0
-3.526760604637501,0.11662971428571431,29.659822499999997,0.0
-0.3482816945807106,0.005,0.20294624999999997,0.0
-2.164563795096671,0.043811931818181875,30.22588716,0.0
-1.7909597890574906,1.807144706186902,27.155040000000003,1.0
-1.2116690109604062,-0.25016335067052425,0.6735462500000001,1.0
-2.9838037026887174,0.9305034501239368,8.78500502,1.0
-0.2627943569440019,0.00784412955465587,0.10249437,0.0
-3.4545981583892704,0.11733089005235604,11.878440000000001,0.0
-3.4867552700238016,0.22684,20.65040694,0.0
-2.2173252490432227,-0.40635978953815316,5.3596986300000005,1.0
-2.7919754360399716,-0.780819587392775,5.61124875,1.0
-1.2371849385320495,0.01415756097560974,12.090457500000001,0.0
-0.05826490813197574,0.0023404858299595397,0.02754728,0.0
-3.506557897319982,0.32675668789808926,15.672252,0.0
-1.0975128932248088,-0.0790054696235471,0.58954779,1.0
-2.2386717672503926,-0.28203395336161396,3.1735672800000003,1.0
-2.9058915695542016,0.6453616160206539,9.29193276,1.0
-2.2367973524560423,-0.6502179134712777,3.41270856,1.0
-1.1220856448537517,0.8869181862483996,9.09781752,1.0
-2.5133061243096986,0.039571980676328444,8.4452625,0.0
-2.50715225873532,-0.7882131444857069,4.56467645,1.0
-3.022076248893593,-1.5513477858774887,6.88800625,1.0
-1.7270959559023327,-0.2898110746935969,1.34386574,1.0
-0.8476979404085433,0.07274522478494667,8.88574428,1.0
-3.313186504339442,-2.3010426714436636,10.934105,1.0
-3.7131721466829806,0.1514179190751445,19.345237440000002,0.0
-1.0764594840269766,0.08527024775686046,4.78967136,1.0
-3.5684333010380693,0.1695742331288344,17.16240438,0.0
-1.0070363451809001,-0.10210996916845151,0.54184949,1.0
-3.101092789211817,1.3260471108225016,8.506876499999999,1.0
-3.8776215787108135,0.12255869565217396,27.51305931,0.0
-3.3186961601504117,0.15040248447204968,19.894915460000004,0.0
-2.8184232585835804,-0.442786910319813,6.02895375,1.0
-2.99974029495153,-1.2474945613649142,7.4272566599999985,1.0
-1.4863357153001169,0.02030506912442402,15.227964960000001,0.0
-1.2743952686224818,0.11420729675155382,10.60500432,1.0
-2.577021938695806,-1.4789024142087164,4.4482192000000005,1.0
-2.603690185777967,0.023715111111111152,10.7340108,0.0
-3.6928874755114753,0.24298343949044593,15.653489579999997,0.0
-0.07590959410035011,0.02977124966976493,0.231725,1.0
-2.235861460951137,-0.6426360736859569,3.57179625,1.0
-3.4326880487535263,0.1851364102564102,13.099668750000001,0.0
-2.2633643798407648,-0.6345005901298285,3.7375,1.0
-2.736449675623908,0.0179441964285714,10.26647784,0.0
-2.2256240518579173,-1.1868746859153,3.2998536,1.0
-0.8449007357874821,1.0101327613623765,1.42842,1.0
-2.058854908071448,-0.39914168274357814,2.70087092,1.0
-2.0778428203161385,0.09552958579881653,37.114500840000005,0.0
-2.6664285264113903,0.04529230769230766,12.04318935,0.0
-0.29437106060257756,0.002598775510204043,0.11175,0.0
-3.1820618517454844,0.11496494252873556,11.794129850000001,0.0
-3.0037644452512553,0.18951446540880504,15.368356639999998,0.0
-2.462753845146867,0.02579575471698119,10.29393216,0.0
-3.579128590154817,0.169312101910828,21.040090290000002,0.0
-0.06656724427211311,0.005051405622489972,0.031155480000000003,0.0
-4.011843340710357,0.20133942857142853,27.844589310000003,0.0
-3.3813947543659753,0.30125126582278483,12.802275000000002,0.0
-3.5684333010380693,0.17403416149068318,15.436914060000001,0.0
-3.673006104957646,0.16346319018404903,21.916179179999997,0.0
-3.676950883248663,0.12019371727748687,18.30708,0.0
-0.2899513118958243,0.11167398738392263,1.9237296400000001,1.0
-3.835061964292018,0.33444671052631586,21.24369072,0.0
-3.435788826431774,0.09984973262032082,19.38332774,0.0
-1.236495996031496,-0.35397377417623943,0.8603099999999999,1.0
-1.6739764335716716,-0.12374002140515643,1.4484374999999998,1.0
-2.3289290683336477,-1.6194530600660868,4.2843824999999995,1.0
-4.098352583619639,0.15335161290322585,28.788895280000002,0.0
-3.600868576791223,0.1081104046242775,18.32671659,0.0
-2.242431170174299,0.028864039408866966,13.732106040000001,0.0
-3.3186961601504117,0.15330245398773013,25.77771954,0.0
-3.763603000309873,0.39789224806201556,19.305784879999997,0.0
-3.7942399697717626,0.17235121951219515,23.87221875,0.0
-1.3890982884526248,-0.18419933582989467,0.82685331,1.0
-3.571985702642437,0.11017277486910998,16.25655531,0.0
-2.0091694886945044,0.0189424657534247,13.31669322,0.0
-0.6955500651762556,-0.08670667255126488,0.39071004000000004,1.0
-1.3417034777920154,-0.03171414334744366,1.03469962,1.0
-1.9973087121413138,0.015207692307692361,3.6356336899999997,0.0
-2.5459313516257747,-0.485212296956409,4.1414800000000005,1.0
-0.7920839284199689,-0.09083173639230918,0.38872407,1.0
-3.8212686421596818,0.3632305194805195,18.510243539999998,0.0
-3.396209840151116,0.19643184713375794,11.475006250000002,0.0
-2.58229899579665,-0.9845027760053392,5.8489225199999995,1.0
-3.984593698262982,0.36695496688741724,24.066463739999996,0.0
-1.2837377727947983,-0.14056179317489975,1.2291875,1.0
-4.080441657053109,0.16181724137931042,42.58743554,0.0
-3.0470255679415414,4.050669995414481,7.6302812499999995,1.0
-2.709050701435794,1.8469735853780673,6.112494720000001,1.0
-3.533586569707901,0.12015464480874322,16.68853,0.0
-2.399095993374889,-0.8579850510580062,16.25508864,1.0
-3.767922661454389,0.18776875000000004,23.47008048,0.0
-1.2402910670000478,-0.09684093666952907,0.74977881,1.0
-3.7766183684219428,0.21321987951807225,23.53442389,0.0
-3.3843402645957323,0.11259450549450548,20.299889519999997,0.0
-2.9720157469366746,-1.3973598484600207,9.14730496,1.0
-2.5157783134550877,-6.236250576783635,6.31485936,1.0
-2.873514640829742,-0.5917551295736743,6.146493749999999,1.0
-0.797175250983993,-0.1438663619812061,0.349215,1.0
-3.907035463917107,0.16085092024539885,32.65814232,0.0
-2.5257286443082556,-2.1517557223884434,3.9073360000000004,1.0
-2.067512970814562,0.4186133721571483,12.938318800000001,1.0
-2.9040650850281673,0.07736486486486487,13.92902016,0.0
-2.2462047595579384,-3.564560634938698,5.27325186,1.0
-3.4295968561838532,0.13943928571428577,14.654115,0.0
-1.9973087121413138,-0.5009288095315548,3.33200494,1.0
-2.0659331916550436,-0.2723495580143033,2.7325008900000003,1.0
-0.38287225945552994,0.009733739837398349,0.19891023,0.0
-0.8388668349093515,-0.08118509801747438,0.3619675,1.0
-3.526760604637501,0.17539058823529405,14.04205152,0.0
-2.845589615124272,-0.75884920829319,8.48961848,1.0
-3.7255434384855275,0.2557052631578947,26.202124910000002,0.0
-2.48530672980934,-0.2734975126029347,4.10079236,1.0
-1.476656801200282,0.19872505543237243,6.55126572,1.0
-1.762006511078707,-0.9385824729451845,3.00332489,1.0
-2.047942874620465,0.02550238095238098,9.4965543,0.0
-3.158251203051766,0.07360102040816331,43.19788825,0.0
-1.5558971455060704,0.2445002132538834,18.998798700000002,1.0
-2.6985950423314553,-4.960260043340558,10.38523125,1.0
-2.22747762050724,-0.19719781640296646,2.59978026,1.0
-3.6928874755114753,0.3313418300653595,19.8937554,0.0
-1.3246349807331628,-0.09888484612199905,1.01486053,1.0
-1.325011132702992,0.1350759501783923,12.626616359999998,1.0
-1.981226494182881,0.33709152805163717,11.56923082,1.0
-1.1577255531606163,-0.10228519222350163,0.6166174999999999,1.0
-3.3524072174927233,0.08058863636363643,28.026834500000003,0.0
-0.867024490571237,-0.17251177318774036,0.39742516,1.0
-3.8537540973041704,0.23651741935483872,25.233034999999997,0.0
-0.6073365241468345,0.004946721311475384,2.7080918399999994,0.0
-3.151217176394386,0.06842643678160927,40.37609476,0.0
-2.8001654900100155,-0.6263059376632422,6.14814464,1.0
-2.125276078023635,-0.7847136098479628,3.477525,1.0
-1.0359192193296864,0.0071834745762712,6.91905942,0.0
-2.7165865321244964,0.0797718918918919,34.223830240000005,0.0
-2.3025850929940455,-0.317112355274629,3.58917,1.0
-2.739540868193581,0.03861782178217826,13.89169382,0.0
-3.0057826094074924,0.3659385737165592,9.5634,1.0
-1.5324768712979722,-0.5241937615648956,1.8954,1.0
-0.9503647122079065,0.00849173913043481,6.28387372,0.0
-1.0767529543152161,-0.3086682440112133,0.59196625,1.0
-2.226550406718048,-0.7143846042540877,2.7950631799999996,1.0
-3.513246885470778,0.17762229299363053,19.75826718,0.0
-3.8397023438485203,0.2457576158940397,19.775164649999997,0.0
-0.3021867586546627,0.005145381526104468,0.11398464,0.0
-3.582719258285546,0.12747868020304573,16.760736759999997,0.0
-2.7302958100495296,-0.909783489227582,13.92183,1.0
-2.232126629345484,0.03897925531914897,15.86475566,0.0
-1.238564249095555,0.25138350168014406,7.315044660000001,1.0
-3.0323962579255825,0.04315550239234447,12.01385,0.0
-0.6667000105450971,0.11185645207167952,8.13312878,1.0
-1.4592952540043809,0.013525416666666719,2.1003149999999997,0.0
-2.5383074265151153,-0.7492214570029494,5.016831799999999,1.0
-0.34080159478244215,0.005240243902438986,0.12446,0.0
-2.153303390278291,0.019748148148148178,7.4434612499999995,0.0
0.0,0.03449268008150389,0.0,1.0
-1.8097197946050478,0.03498382352941172,26.492127580000005,0.0
-3.6690768268177565,0.14105172413793107,21.568751699999996,0.0
-3.8397023438485203,0.33542066115702485,24.090573699999997,0.0
-3.7009520353482053,0.09017738693467338,27.258406239999996,0.0
-2.3309845675157437,-1.1351567628695058,3.82927176,1.0
-3.338222582500767,0.07118706467661698,26.6180491,0.0
-2.6693103727862795,-0.8850306735410709,6.50986875,1.0
-1.3220058712375287,-0.1876288721979878,0.9353127800000001,1.0
-2.3126354288475475,-1.0593110051718442,3.2051250000000002,1.0
-2.2926347621408776,0.03712929292929288,34.5714617,0.0
-3.759301918410482,0.22275779220779218,19.05163178,0.0
-1.1394342831883646,0.012461085972850621,10.869344000000002,0.0
-2.6023397466800957,-0.5707312958847647,4.17522378,1.0
-4.092346559559427,0.1952902298850575,28.15974708,0.0
-2.566550638828511,-0.7715534803491503,5.76192,1.0
-2.22747762050724,0.02730821917808222,10.7274475,0.0
-2.138767007764651,-0.9712642951118308,2.77516774,1.0
-3.3214624136433017,0.08001976047904197,14.58364912,0.0
-0.5561717255328675,0.14973222530009242,12.01513828,1.0
-2.9681171065210177,-0.401458607428398,7.276954999999999,1.0
-2.8824035882469876,-0.9653485573769262,5.7953,1.0
-0.9243229035714194,-0.09950306588009648,0.51088,1.0
0.0,0.0034181451612903357,0.0,0.0
-2.2471503861059454,-0.9883251992302262,3.41719644,1.0
-3.902072674574978,0.2799740000000001,24.45807516,0.0
-3.557851191707532,0.1773341614906833,19.5675072,0.0
-2.3106172646913103,0.025945871559633085,8.8722,0.0
-2.5549000216085354,-2.50183324778177,4.3324199100000005,1.0
-0.04186420409869887,0.020804689099810897,0.06396529999999999,1.0
-3.5439136838637504,0.1954135483870967,15.512077889999999,0.0
-2.0159035208758485,0.675361244905521,7.333219440000001,1.0
-2.0002607438053945,0.37959614799025615,6.56035875,1.0
-2.854232711280291,1.4917129801160927,6.373918079999999,1.0
-1.0398717936455097,0.0037084388185653475,2.7852972,0.0
-2.7135653817903203,0.038318571428571396,8.87176875,0.0
-2.0024805005437076,-0.39715715203874735,2.0981295,1.0
-2.701571235004501,-0.8192565066347741,5.22485557,1.0
-2.8967923256990873,0.05162488262910804,9.10685184,0.0
-2.4258833093385395,0.048215196078431416,11.197336280000002,0.0
-0.7440195109337019,0.05532684898004934,3.98374416,1.0
-2.5194980945576195,0.3173940817672272,8.89223125,1.0
-2.8577109756566164,-0.7881343753939242,6.5644075,1.0
-3.438899248846167,0.08490860215053767,22.214134109999996,0.0
-2.6091102532473065,0.08458214285714288,18.476978239999998,0.0
-2.3106172646913103,-0.41707345901542464,3.24673664,1.0
-1.501929704718815,-0.16603014829513763,1.8678962499999998,1.0
-2.0996442489973552,-0.43968961318507493,2.4433605,1.0
-3.170085660698769,0.05889137055837559,14.7385014,0.0
-3.2314546070750607,1.2863636363636364,10.0203284,0.0
-2.2302644314144198,23.223040504997375,5.2885485,1.0
-2.558768498386456,-6.451170597104087,4.436312579999999,1.0
-4.034190639402354,0.19238273809523812,39.09074736,0.0
-3.6156289923743437,0.2764558441558441,15.52757577,0.0
-2.3136460403534707,-1.954124613107254,16.987311249999998,1.0
-0.1863295781914935,0.003341322314049639,0.15562499999999999,0.0
-1.4562877329404256,-0.5580168630328538,1.55885625,1.0
-3.6969116258112007,0.15353157894736835,23.26281664,0.0
-3.506557897319982,0.11365913978494627,14.442998999999999,0.0
-0.30543879404103996,0.003953846153846116,0.13203456,0.0
-2.587604048026343,0.05921487179487176,29.57365584,0.0
-0.9349639971397764,0.00917038626609438,3.92274142,0.0
-1.6607312068216509,0.17011007151880572,10.755577,1.0
-2.8647040111475865,0.08969677419354846,64.5707856,0.0
-2.613194670089531,0.05894886363636364,25.072873389999998,0.0
-0.7618543785697361,-0.11104190481272229,0.35397444,1.0
-3.6381863397984184,0.23496071428571424,19.317678750000002,0.0
-2.9150743705365363,0.04556649746192889,22.34621014,0.0
-2.3217679124108197,0.11166158536585366,62.47008,0.0
-0.8881893017632803,-0.14473893148719708,0.44739749999999995,1.0
-2.99974029495153,-1.0671554120706663,6.784423319999999,1.0
-1.8332066591422285,-0.6351993304571281,5.374638749999999,1.0
-2.497384171299113,-1.345546913178042,5.20684941,1.0
-2.366590422969958,0.03421162790697677,6.116153959999999,0.0
-2.4961698420667107,-0.657936086982049,4.24566,1.0
-2.127791802620883,-0.5228794609582302,3.7417289699999996,1.0
-1.9618362996055725,0.0854494047619048,132.91973906,0.0
-3.201527186533588,0.05215980392156866,34.01739781,0.0
-3.7009520353482053,0.22521132075471706,22.81065748,0.0
-2.843869924244745,-1.352136627006695,6.13015944,1.0
-2.7060521984395374,-0.8796322305423092,5.35680556,1.0
-2.7150748160391744,0.21641976330381515,7.487219999999999,1.0
-3.835061964292018,0.12205934065934064,22.49316,0.0
-4.034190639402354,0.3351512987012988,23.644468890000002,0.0
-1.864975531559314,-0.1845312592961183,2.424185,1.0
-2.689719244417487,-1.6190523857190524,5.075525,1.0
-3.4577677331505496,0.1597222222222222,21.4011,0.0
-2.3025850929940455,-0.9597462799828433,3.4662500000000005,1.0
-1.923463960225483,5.426787525354969,3.05227737,1.0
-2.9720157469366746,-0.8299260589924133,6.28458496,1.0
-2.928073625080176,0.08108975903614464,17.98781815,0.0
-2.816749618025551,0.1033435233160622,17.69980134,0.0
-1.8891518152367044,0.2911098463289696,15.17292,1.0
-3.1281214615997364,0.056369801980197975,9.610815,0.0
-2.0874737133771,0.04017580645161292,17.0009208,0.0
-2.2956094792576205,0.027380660377358475,8.43236625,0.0
-2.8967923256990873,-1.393335735124787,7.86162816,1.0
-2.1715568305876416,0.28063163120477086,5.675775000000001,1.0
-2.0955709236097197,0.9691256632022672,3.9867375000000003,1.0
-1.2873544132649868,-0.43053814292288883,1.0924908,1.0
-3.676950883248663,0.0980611398963731,26.667151280000002,0.0
-3.5613661338149765,0.12818793103448273,15.968845720000003,0.0
-3.009831197933493,0.07890615384615379,17.12599669,0.0
-0.2890162954649176,0.00685601659751036,0.3619917,0.0
-3.9899845468978574,0.18293099415204686,39.1114753,0.0
-2.2662531637466556,-0.7011888867696613,6.542609290000001,1.0
-2.474560357733856,-0.8141142823592866,5.452303639999999,1.0
-2.3248307019413654,-0.8368208748266733,5.57949,1.0
-1.88321707971689,-0.4407358752613041,4.9090275000000005,1.0
-2.933696882634538,-2.1142113368042823,7.74303656,1.0
-2.9818293683849997,-0.8129057163115855,7.20256875,1.0
-3.6381863397984184,0.10664945054945056,19.92805967,0.0
-2.610469872763346,-0.7619230344362468,5.1621549,1.0
-2.4674597361842796,-135.17266949152543,4.85268,1.0
-3.661264287080963,0.3087240000000001,20.23757294,0.0
-3.789805372703897,0.46081129032258067,21.033632419999996,0.0
-1.0972132677544024,0.035507999999999956,74.6251625,0.0
-3.177254150177381,0.1287732954545454,13.61122611,0.0
-2.854232711280291,-1.9675841551350302,5.74296192,1.0
-0.27496330004400615,0.0006375510204082145,0.17091,0.0
-2.4057258519135587,0.03979138755980855,23.34901866,0.0
-0.7465479572870606,0.005031779661016949,2.2396499999999997,0.0
-1.826350913997674,-1.2395618023976844,30.7154512,1.0
-3.717278928635634,0.26368385093167707,21.12743574,0.0
-1.654435278364836,-0.5678424533767776,2.65768,1.0
-4.017383521085973,0.289109696969697,31.871548799999996,0.0
-0.6401752957938396,-0.03183510349816948,0.30313999999999997,1.0
-3.661264287080963,0.12848378378378375,17.98924956,0.0
-1.427533109136488,0.0384956989247312,37.23547875,0.0
-1.8300845835497228,0.13214184676318264,10.00828632,1.0
-2.6621212692138103,-0.7815739666403297,5.1695625000000005,1.0
-2.4557362724882204,-1.4453218150322822,3.9843375,1.0
-1.8825598335545517,-0.24382206168908327,2.16060076,1.0
-3.2314546070750607,0.6275846153846155,9.8424125,0.0
-3.649658740960655,0.11467000000000004,18.8556316,0.0
-2.003221515768427,0.42606930933315684,13.639509669999999,1.0
-2.6564069679503715,-1.003444122407498,4.466475,1.0
-0.5198663684181397,-0.061748585283200756,0.19818017999999998,1.0
-1.5620773410742628,-0.39517978362105066,1.394505,1.0
-3.7422802308410517,0.19411625000000007,21.86226408,0.0
-2.4349742810397914,-0.7527868611529558,4.83041292,1.0
-1.8991219875565544,-0.6687865890266956,1.84568124,1.0
-1.0078579253996456,0.058588609178557065,3.5922205,1.0
-2.7045563118479543,-0.43538964617702164,6.44693223,1.0
-2.8949823704538478,0.04658571428571427,17.53954524,0.0
-1.5945492999403497,-0.5046464335023839,1.1697875000000002,1.0
-2.8404393891479556,-1.5145066102749842,6.46877528,1.0
-2.821778966430553,-1.5587738048970075,6.48798115,1.0
-2.4733734139743273,0.020410810810810868,7.2982725,0.0
-3.001750345879554,-0.8550755019242339,7.957382510000001,1.0
-2.044846896915337,0.027070093457943954,9.628977499999998,0.0
-3.473768074496991,0.1459168604651163,15.6962052,0.0
-2.3783868064103277,0.03799386792452829,9.31711941,0.0
-3.8490482062667577,0.19838154761904767,21.206369459999998,0.0
-0.5593158329264247,0.005883966244725712,2.22449572,0.0
-2.142168371588141,-0.5949836639874778,3.59488192,1.0
-3.912023005428146,0.1085115789473684,24.816922,0.0
-3.78539035449478,0.2834457516339869,23.795842500000003,0.0
-3.2493350323529095,0.11920387096774188,21.222470920000003,0.0
-3.3410434588424085,0.05197106598984776,17.57019882,0.0
-2.753570716404019,0.038833658536585415,20.771506210000002,0.0
-2.3475824589247813,-0.2908980263198916,3.64714,1.0
-3.8443643569543315,0.2667694267515924,26.95036392,0.0
-1.21976349023226,-0.07959512709028152,0.7333184899999999,1.0
-3.3270179834879037,0.1942188571428572,13.971680469999999,0.0
-3.5972122655881127,0.13190731707317074,14.840297580000001,0.0
-2.1012782362890103,1.1118519870292123,18.62476125,1.0
-2.327902900978336,0.042216145833333364,38.7830625,0.0
-2.575707014114497,-0.31766463244574494,4.53683087,1.0
-2.2293346312544533,-3.946039928993507,3.12354192,1.0
-3.070455819749928,0.05275468749999993,20.092554879999998,0.0
-1.048109306495003,-0.07620171222141624,0.50689748,1.0
-2.1447270083784655,-1.8618917381009197,21.821585,1.0
-2.4841069696174363,-0.27419705593424964,5.10164472,1.0
-2.573082340691726,-0.7790115601403209,4.38883704,1.0
-2.3655248927679198,-1.192810982218119,3.6167181299999998,1.0
-2.3881429813556925,-0.825321416773225,4.11684444,1.0
-1.575036485716768,0.018686057692307648,18.3772944,0.0
-2.1447270083784655,0.10310974025974018,31.74337432,0.0
-3.493312670569961,0.09705681818181815,20.20928768,0.0
-0.20653228550901287,0.0037481781376518604,0.08475628,0.0
-3.7465085669505727,0.15053093922651942,20.88383824,0.0
-0.8196178446138943,0.005947736625514416,1.9973719799999998,0.0
-1.5764868122944145,-4.48747718515514,11.39778939,1.0
-2.3794661373300032,0.019189400921658942,5.8604225,0.0
-2.6621212692138103,-0.6396147663744868,5.82074066,1.0
-3.081290161915638,-1.6446612456175778,9.473952780000001,1.0
-1.2812138846693832,-0.34460215112475295,0.9603699099999999,1.0
-1.0147308046874077,-0.045743650764725294,0.50296875,1.0
-1.1586808151342292,-0.19938859405491313,1.20327287,1.0
-2.6838455124053926,0.05249609756097556,8.714226250000001,0.0
-2.811745437440975,-1.962327194636941,6.09414,1.0
-0.8615658321849086,-0.06543580684270546,0.39609374999999997,1.0
-3.0261914810387,0.08768079096045193,18.55529005,0.0
-3.717278928635634,0.26917870967741936,21.24964287,0.0
-2.9778923554256598,0.9210796610169494,11.718666279999999,0.0
-2.584948003968227,1.8182085501017866,11.967548319999999,1.0
-3.803168600516064,0.2770313333333333,20.94044259,0.0
-0.7665784586458283,0.08486122290790928,5.33514118,1.0
-3.564893474332945,0.11923139534883723,15.98065625,0.0
-2.191043718261138,-14.992823309889477,11.01881794,1.0
-2.2537949288246137,0.02736292682926826,18.1720035,0.0
-2.128631785870608,-0.29551897896088514,3.8357626999999996,1.0
-2.95075890791126,-3.0911119928578517,12.57335409,1.0
-2.9299445330159877,-2.021608061841907,6.19017072,1.0
-0.6243676651651197,0.03514946317993495,2.47490048,1.0
-2.924342277467318,0.11883726708074537,46.969376249999996,0.0
-3.738069698304708,0.2695313333333333,19.517194760000002,0.0
-3.022076248893593,0.057397607655502454,8.83641046,0.0
-2.9150743705365363,0.132366847826087,10.21444528,0.0
-2.452245867548452,-0.48724744680488863,3.7539599999999997,1.0
-2.7551418086360604,-1.5019676761059049,6.443475,1.0
-2.584948003968227,-0.64836014376889,4.84978832,1.0
-2.268183666276713,146.9860681114551,5.4005472,1.0
-3.189317022626656,0.0938620689655172,30.596665,0.0
-2.037148629489584,-0.6724376013369217,1.9532876799999999,1.0
-3.738069698304708,0.28342026143790855,20.01441246,0.0
-1.4740332754278973,-0.08742458354201088,1.0906125,1.0
-0.08457797647529774,0.02749609317074855,0.32924187000000005,1.0
-1.4965557553774278,-0.29980021535228263,1.1036478799999998,1.0
-0.32462272026406364,-0.07218460834837426,0.16862924,1.0
-3.2138882833571616,0.0873293103448276,15.7046325,0.0
-0.5176824112292038,0.07364765846258323,4.0893637499999995,1.0
-1.8991219875565544,-0.38800686189399475,2.00847999,1.0
-3.0470255679415414,-0.5162417263055473,7.12776925,1.0
-2.2557015070951953,0.059358152173913006,9.823690000000001,0.0
-2.0394518934636774,0.03694635416666673,42.20498642,0.0
-2.9058915695542016,-1.2450078906627782,10.284054009999998,1.0
-3.523365015636363,0.35364299065420557,25.4002375,0.0
-3.270169119255751,0.10124207650273222,12.491074999999999,0.0
-1.849600468917905,0.027382999999999953,10.9362825,0.0
-2.2072749131897207,0.02015670995671001,6.27275,0.0
-2.835315552148086,-0.7503963279752249,5.49603404,1.0
-0.02511270081507533,0.01774686139134149,0.07723584,1.0
-1.8805906829346708,-0.2755184115081887,2.08925,1.0
-2.3507254683219805,-1.6944792823306678,3.7270209899999998,1.0
-2.7646205525906042,-2.023288983655211,6.2627229,1.0
-2.877060743836492,-1.867894206838258,6.529628960000001,1.0
-2.363397232390803,-2.52035339223204,8.18395228,1.0
-0.5962019745034663,0.04683182878276019,4.24424378,1.0
-3.738069698304708,0.22812516129032254,22.95728008,0.0
-3.4705474597969483,0.0916652849740932,14.28047001,0.0
-3.396209840151116,0.0713190721649485,36.272962500000006,0.0
-1.1304126012179074,0.38252743806836015,2.98143257,1.0
-3.947650183071297,0.32936878980891726,24.28478856,0.0
-2.4769384801388235,-0.3190697023869364,3.8241,1.0
-0.6717771548237528,0.0048226337448559415,0.93644964,0.0
-2.9412440882699213,0.04122647058823531,16.818336480000003,0.0
-3.738069698304708,0.20857988165680474,20.11595992,0.0
-2.614559858014871,-1.2268692923006097,8.47076256,1.0
-2.3570412787901045,-0.2758159758876033,3.2257187500000004,1.0
-3.4577677331505496,0.1233917647058823,16.3512594,0.0
-2.4865079311549745,0.03669556650246301,13.013869439999999,0.0
-0.5967466862736301,1.2041320629744743,10.828485019999999,1.0
-2.7936080894638566,-9.65372135469479,6.105972959999999,1.0
-0.19091840401947283,0.025524837236961966,3.1292325,1.0
-3.1748589394514264,0.08007802197802193,9.9395175,0.0
-2.027228670232901,-0.8407719610565311,11.561613750000001,1.0
-1.6901058155015551,-0.1521385527301771,1.44140625,1.0
-3.191747157479948,-2.3504901551462116,10.53718512,1.0
-3.2570970376883985,0.06694215686274516,16.788244549999998,0.0
-0.3446052198514019,-0.07565768941864194,0.14170000000000002,1.0
-2.1602178517071238,-0.4669705384504751,2.7124325,1.0
-2.935578350734244,-1.6024399205063549,11.84484177,1.0
-2.855970331178832,0.05061780104712045,13.21278125,0.0
-2.5969561535966235,-0.7326486846240594,5.5387621,1.0
-3.0683029663888264,0.09199493670886078,31.209828149999996,0.0
-0.6339353209280992,0.013088311688311729,8.801896849999999,0.0
-2.445301395195641,-3.301240329117033,13.45981086,1.0
-0.7254637820364884,0.021484166666666717,2.24704697,0.0
-3.4577677331505496,0.3287045161290322,29.121356249999998,0.0
-3.7009520353482053,0.12016136363636369,19.2159825,0.0
-3.0057826094074924,-1.5658900540470708,8.3510658,1.0
-2.9488486876551407,-0.2868636855949249,7.68140508,1.0
-3.7214026458194964,0.26822039473684206,16.18425578,0.0
-1.8476951015583585,-0.847101687229285,2.18539192,1.0
-2.966173471312447,0.11268051282051283,9.43201385,0.0
-2.5383074265151153,-4.188034508627157,5.1136068,1.0
-1.297551151285502,0.01967207207207206,13.99693756,0.0
-3.513246885470778,0.18303540372670815,16.32928548,0.0
-0.05013606949379729,0.030375562621851152,0.05544912999999999,1.0
-2.7318307297676134,0.028351131221719485,7.393192170000001,0.0
-1.606442403454302,-0.8366479310529414,1.9884475,1.0
-2.8895720777256004,0.055718781725888275,11.77492352,0.0
-3.009831197933493,-0.606820550344797,7.751192499999999,1.0
-2.7504359175986477,0.04456505376344081,10.68061662,0.0
-2.416874239396173,-0.8581007582231804,4.293865,1.0
-3.645819964653489,0.08936686046511635,20.842045380000002,0.0
-3.571985702642437,1.6685755555555557,17.387695519999998,0.0
-1.9365540541312884,-0.365026649034223,5.8527175,1.0
-3.803168600516064,0.33320333333333335,18.065510980000003,0.0
-1.5095925774643844,0.02180804020100501,13.9626032,0.0
-1.3463047129037322,-0.1746058169761456,1.00286284,1.0
-0.623434568148645,0.011124347826087011,7.71313875,0.0
-3.8397023438485203,0.2883900662251655,23.081056249999996,0.0
-0.9403273097023963,0.008541908713692998,2.2649,0.0
-2.672200548208513,-0.9683752733854547,5.099870219999999,1.0
-3.5899395062590327,0.2705393548387098,14.12061816,0.0
-3.070455819749928,5.765469571750565,8.802274879999999,1.0
-0.8005096988884446,0.1363387079083028,4.20658497,1.0
-2.613194670089531,-1.0819623118222972,4.17382661,1.0
-2.553613847797791,0.028026905829596414,5.370145,0.0
-3.9271366432381942,0.1889081395348837,30.69810024,0.0
-3.5370171048046903,0.12435647058823533,14.308347780000002,0.0
-2.1524424345643265,-2.6233508580497973,5.502558039999999,1.0
-4.006333684899387,0.2943284810126581,26.102139700000002,0.0
-3.0323962579255825,0.09498152173913038,10.831542559999999,0.0
-2.4384048161365808,0.028081122448979527,18.744401250000003,0.0
-3.759301918410482,0.306602614379085,22.26285875,0.0
-2.8084231752489974,0.04969518716577544,9.415344509999999,0.0
-3.661264287080963,0.2588019480519481,22.666652130000003,0.0
-4.039856376938031,0.31321463414634143,25.301175680000004,0.0
-3.3639015969184585,0.1801913978494624,13.818378459999998,0.0
-1.4845689303882312,-0.04723378769140992,1.09239328,1.0
-1.853422129620162,0.15443420520569517,9.96481939,1.0
-3.4265151896464454,0.10939879518072292,17.78467925,0.0
-3.1326981286271485,0.04814449999999994,14.68430124,0.0
-2.5083800059736427,0.039472499999999966,7.88800188,0.0
-3.473768074496991,0.42473740458015274,12.565075,0.0
-0.7064350748868806,-0.05970994831424173,0.259035,1.0
-2.5408422821183034,1.434258760461969,5.556385,1.0
-1.1542307124311217,-0.11116252539186419,0.7225730100000001,1.0
-2.4817117588914814,-0.8915825985648845,5.1932988799999995,1.0
-3.7255434384855275,0.1565934065934066,20.473352470000002,0.0
-0.6688448880369805,0.0011736625514403424,0.82183166,0.0
-2.3454925940053224,-0.5726221903272932,3.149425,1.0
-1.3205066205818874,0.06177321576191783,6.9520125,1.0
-3.23907853218572,-1.3308499079802212,9.750184639999999,1.0
-3.1990731975720212,0.11030710659898481,12.52781136,0.0
-0.6064191770501212,0.09801073361128379,8.48623125,1.0
-1.647139779618112,-0.15407723954313388,1.21338,1.0
-0.05826490813197574,0.0055,0.02754728,0.0
-2.782235099291587,-0.690323654214161,6.1734912699999995,1.0
-0.865597617558637,0.1090851726102741,14.66488,1.0
-3.074775480894444,0.052949282296650656,12.14136,0.0
-2.6838455124053926,-2.2648590326969087,4.92585064,1.0
-2.826833737092177,0.038149999999999955,9.39084864,0.0
-2.9150743705365363,-2.430813687580558,6.98140986,1.0
-3.575550768806933,0.13491736526946116,16.3538676,0.0
-3.233989462678249,0.08557663043478268,18.771472019999997,0.0
-3.1748589394514264,0.15670941176470593,11.27380694,0.0
-0.8200718741336122,-0.15618513930038355,2.25889968,1.0
-2.270117902856544,-0.5808757561158395,2.8781962500000002,1.0
-3.4609473860679296,0.31004901960784315,12.897813759999998,0.0
-3.8537540973041704,0.2553314465408805,28.818046159999998,0.0
-0.19942702469689366,0.007100809716599139,0.10919936000000001,0.0
-3.066154737850537,-1.012845883676503,7.85870322,1.0
-1.3104450488364527,-0.48576872071342636,1.09678899,1.0
-1.7873691209267621,-0.39047974524246615,1.6133174999999997,1.0
-0.23889190828234894,0.005114056224899636,0.09513,0.0
-3.3639015969184585,-2.3761395443386344,11.78908846,1.0
-2.2219271899765913,0.11927935483870974,19.55310528,0.0
-3.8304430184357234,0.27658774193548397,28.56289625,0.0
-1.984858899193888,-0.3737778746277331,2.5648045799999997,1.0
-1.9317114296555002,0.026149740932642454,15.62323392,0.0
-1.965398825639176,0.21680712498532187,11.358019080000002,1.0
-1.2953573661277884,0.007603703703703717,3.75106,0.0
-3.7942399697717626,0.13027939393939403,21.560436,0.0
-3.3932292120129786,0.08151818181818185,16.08837888,0.0
-3.645819964653489,0.31714640522875825,18.21301065,0.0
-2.838728524744326,-1.5820661139164827,6.9546789,1.0
-1.165393322358461,0.011308403361344485,3.5415179400000003,0.0
-2.047942874620465,0.023455813953488402,5.7018,0.0
-3.0261914810387,0.3181201438848922,8.91510995,0.0
-0.025010163004167762,0.017295549444953602,0.01219125,1.0
-2.709050701435794,1.9803560704391794,14.05953972,1.0
-2.533256910729047,-3.1447290727037456,4.8146175,1.0
-3.366795954944823,0.07669899999999999,17.055216450000003,0.0
-1.4881056272665754,-0.1518021701717341,1.202385,1.0
-0.5728783481690006,0.13276784517324186,30.382480879999996,1.0
-3.264919763369608,0.13315917159763307,51.1521875,0.0
-3.6045383056801854,0.12011202185792354,18.01013728,0.0
-1.4447712908788666,0.27323557417634736,3.8464875000000003,1.0
-2.363397232390803,-0.23930665315946253,3.18058,1.0
-0.7438090953621733,0.11125117591721527,4.82229874,1.0
-3.676950883248663,0.1022338541666666,18.05144374,0.0
-3.3902574416238207,0.13876488095238096,29.5759625,0.0
-3.218875824868201,0.06251874999999994,11.100999999999999,0.0
-2.2936253516225737,0.19852941176470587,62.029960030000005,0.0
-0.8559014318613712,0.014204545454545454,32.05339375,0.0
-2.796881414808826,1.1506854390515011,5.6557187,1.0
-2.3238087294456724,-0.31444842600813633,3.2710837500000003,1.0
-3.23907853218572,0.10997582417582422,15.474529279999999,0.0
-2.0858621094827585,0.03724808743169392,38.34312336,0.0
-3.6928874755114753,0.1653410714285714,32.09537292,0.0
-2.650725134482941,-0.9566765312528024,4.30513152,1.0
-0.8974689776335673,-0.060859927718760365,0.48064192000000006,1.0
-3.4265151896464454,0.08934224598930478,25.823820750000003,0.0
-3.8304430184357234,0.16538644067796615,22.94675397,0.0
-0.8599103984380474,-0.04814791372312018,0.35443,1.0
-1.826350913997674,0.01880086956521735,4.018286300000001,0.0
-2.838728524744326,0.05439518716577537,19.50413985,0.0
-1.3280254529959148,0.01702547169811318,36.237637,0.0
-3.733876820044672,0.26174339622641507,20.59442924,0.0
-3.139602643973693,0.04681981132075476,13.463234359999998,0.0
-0.8523774061305022,0.004211522633744895,1.23302088,0.0
-0.06656724427211311,0.005519433198380605,0.031155480000000003,0.0
-3.2754461763565947,0.07831666666666662,11.91456,0.0
-2.4384048161365808,-0.4255392876320029,5.589382500000001,1.0
-2.624168717121508,-3.3784835492590184,5.69789825,1.0
-3.5370171048046903,0.19684702380952382,14.06657625,0.0
-2.91139112512024,0.05054918918918914,14.884068479999998,0.0
-3.4112477175156566,0.12291363636363638,12.6592125,0.0
-2.7150748160391744,-1.4188718225963723,19.881793039999998,1.0
-0.6067860149119018,0.006864435146443541,1.8192712500000001,0.0
-3.7050088360438203,0.2428929032258065,21.774072540000002,0.0
-0.36010940638736716,-0.05548794197792398,0.14531008,1.0
-2.8647040111475865,0.05780099009900995,23.2462644,0.0
-0.48369695637773796,0.06922041946972703,8.0479143,1.0
-2.1715568305876416,0.023765887850467335,14.0528712,0.0
-2.643667942172942,-0.800394015421261,6.242878619999999,1.0
-1.4841277214686537,-0.6346154255806375,2.2670000000000003,1.0
-3.4802405890026082,0.1610343195266272,14.67389,0.0
-1.3907040696085906,0.05544397905759161,81.16422413000001,0.0
-0.45665314487759767,-0.03135639842707618,0.18735972,1.0
-2.3136460403534707,0.05063650793650795,26.226628369999997,0.0
-3.66516292749662,0.15700186335403724,20.098027520000002,0.0
-3.653512310276645,0.15138443113772462,17.87952369,0.0
-1.9855869662082117,-0.6845211712435094,2.26945916,1.0
-2.4090573375045623,-3.4264356696860436,6.16077508,1.0
-0.7522604450524519,0.05838252994784213,7.75486446,1.0
-1.8294613364120664,-0.37596034580406,1.7026321500000001,1.0
-3.0261914810387,-11.030251180617345,13.697006250000001,1.0
-2.004705195565819,-0.39182940626690943,7.37987625,1.0
-2.877060743836492,-0.6756212001057363,5.67433625,1.0
-2.0939462278827174,0.027741747572815518,15.802962560000001,0.0
-2.810082926667362,-1.1561883160229403,5.7859725,1.0
-2.610469872763346,-1.640622675835555,4.87611495,1.0
-3.0407296394847267,0.08398449999999996,11.08820424,0.0
-0.3173168775814717,0.024754475901546804,1.08909198,1.0
-1.7743125556243344,-0.8752052928743438,2.51432,1.0
-2.7774002792370034,-0.3266256893178372,5.43057626,1.0
-3.619353391465326,0.29644117647058826,17.37600244,0.0
-1.8024160494165837,-0.6608311891737357,1.7410636699999997,1.0
-2.975929646257811,-0.6781340241092542,6.257914199999999,1.0
-3.3726099248102432,0.15292399999999995,12.864070939999998,0.0
-3.6045383056801854,0.22477290322580643,14.260622719999999,0.0
-1.2269003089696404,-0.07855106788300335,0.8832650000000001,1.0
-3.772261063052987,0.15963699421965316,21.942193200000002,0.0
-0.6189677823856938,0.004340329218106983,2.67456795,0.0
-3.5370171048046903,0.1443623456790123,18.34112181,0.0
-0.6299846056023053,0.0033691666666667195,0.43497442,0.0
-0.2760170409212779,0.002071659919028302,0.142275,0.0
-1.1695713776086036,-0.3597148655117162,15.7811625,1.0
-2.497384171299113,0.06915406976744182,24.583009999999998,0.0
-3.8490482062667577,0.21310191082802543,23.16108963,0.0
-2.121097216948668,-0.3717582207847379,3.03846983,1.0
-3.2114038100294997,0.07647783783783789,26.57802329,0.0
-2.3517753371848173,-0.6335791119063778,4.27844984,1.0
-2.4865079311549745,0.027167567567567625,6.632770559999999,0.0
-1.0356374895067213,0.03279999999999995,131.326357,0.0
-2.074653024948039,-0.21458349233983998,2.6035875199999996,1.0
-2.6649907116417633,-1.9239243363307417,8.020822319999999,1.0
-3.942482212912855,0.19627808988764045,24.36074296,0.0
-3.5935692743096115,0.2429735849056604,15.058771749999998,0.0
-2.291645152955711,-0.2795413846156831,2.8270087499999996,1.0
-0.6422639702453754,-0.192239764573121,0.22580212000000002,1.0
-3.3696987146027846,0.13783212435233155,11.208954480000001,0.0
-2.4179959445053734,-3.0504952944086505,3.66906672,1.0
-3.750754857832024,0.29375519480519485,21.7671711,0.0
-3.5935692743096115,1.0688415584415585,18.599625,0.0
-3.6268440631944836,0.10369690721649483,26.12496656,0.0
-3.519980917652122,0.3436741935483871,21.145505919999998,0.0
-0.952177010438564,0.07474271029118948,11.7795975,1.0
-3.2114038100294997,0.07434462365591402,11.37820125,0.0
-2.652142569163914,-1.0613655369177037,5.55246015,1.0
-2.8895720777256004,-1.960645386295637,6.39840352,1.0
-2.6063965473757102,-0.5824108643916072,4.034092500000001,1.0
-0.15478421380086643,0.09804024274351064,2.24146522,1.0
-0.871078389052607,1.1084143858855464,45.8275077,1.0
-3.623091713575933,0.14217763975155284,21.656257860000004,0.0
-2.534517150341335,18.379098719971942,6.54853056,1.0
-1.5086880093339574,0.10502350068558927,6.63969404,1.0
-3.2114038100294997,0.17920449438202252,10.1556,0.0
-2.7551418086360604,0.0415213197969543,8.28283788,0.0
-2.9917402522844534,-3.3384471117779437,10.95259584,1.0
-1.3015856331929363,-0.16531767279845697,1.11446718,1.0
-3.3581378922017087,0.05083732057416268,13.73353116,0.0
-0.38728143767453577,0.2679815412864725,0.30265361999999996,1.0
-1.7021015972975198,0.21164222522273637,10.742027499999999,1.0
-1.2269003089696404,-0.0862268903569222,0.69145356,1.0
-2.375155785828881,0.05661764705882353,23.9610594,0.0
-3.4577677331505496,0.10124269005847954,17.9227125,0.0
-0.9467499393588635,-0.11718276321015444,0.43487040000000005,1.0
-1.6702500518308578,0.23336253124532652,15.786837060000002,1.0
-3.228926160721702,0.061113500000000015,11.257785000000002,0.0
-0.19637991404499489,0.006755737704918071,0.36631386,0.0
-1.9498177738863303,0.028391707317073186,33.72214016,0.0
-1.8344582237611702,-0.3370610418586603,1.68949824,1.0
-3.759301918410482,0.14827151515151513,22.97506053,0.0
-1.1625110145183415,0.00823886462882092,3.3758466599999997,0.0
-2.8577109756566164,-1.236053749747081,6.20254642,1.0
-2.5717725828096625,0.037459999999999986,10.723060879999998,0.0
-1.6383519225987426,-0.37786878951027464,1.136655,1.0
-1.9805015938249322,0.11188630952380949,167.59352040000002,0.0
-3.2570970376883985,0.10142758620689661,13.669586699999998,0.0
-2.8200997049108327,-0.3628971814031661,6.0044496800000005,1.0
-0.5782126424678459,0.00771570247933883,0.30148374999999994,0.0
-0.5727010274840783,-0.14137298919130298,0.23028119999999996,1.0
-2.945039159238473,-1.6137175175543006,7.71905,1.0
-1.4401171678173974,0.30235260946407816,18.53050752,1.0
-0.033453376259219576,0.03314556225536874,0.04032807,1.0
-1.3478431747456379,0.011239545454545469,15.019687499999998,0.0
-2.2566561611056457,0.030817972350230413,21.91763625,0.0
-3.1419147837320724,0.07883138297872343,13.77792288,0.0
-3.7465085669505727,0.1770183333333334,18.721386759999998,0.0
-1.8420006856648017,2.2698067240539213,3.1865156999999997,1.0
-1.5001351775436502,0.015153448275862095,3.6588399999999996,0.0
-2.558768498386456,-0.8911323387314585,3.9683599199999997,1.0
-1.4430763752188753,0.013918018018018003,5.6530454599999995,0.0
0.0,0.020037115249248137,0.0,1.0
-3.7986943201211427,0.28706012658227853,20.02830816,0.0
-3.5972122655881127,0.14726555555555557,15.530892660000001,0.0
-1.4167535686045991,0.022612206572769893,10.14559375,0.0
-2.8577109756566164,-1.0896541942507543,7.52968608,1.0
-2.9431398234348203,0.15749190751445094,48.36980964,0.0
-0.7558740104682503,0.033896236559139765,187.04755,0.0
-2.7333680090865,-1.3004483902788986,4.8793355,1.0
-3.600868576791223,0.13220518134715029,28.41168057,0.0
-3.423442990609475,0.07453434343434345,18.903928259999997,0.0
-3.4295968561838532,0.13710494505494508,12.667457159999998,0.0
-1.1900698991569445,-0.2903725622563039,0.646425,1.0
-2.615926912226404,-0.6544380484440785,4.0342062499999995,1.0
-2.4662811856648355,-2.732916926920675,5.10072408,1.0
-3.6343912688298667,0.10985222222222227,19.47582912,0.0
-0.6506625689537899,0.008764102564102604,3.7236337500000003,0.0
-3.8584822385001165,0.2333603896103896,22.60706539,0.0
-3.0922431739348344,-0.48547150582879706,8.30139,1.0
-0.9869814724969244,0.07185251084908988,7.49127,1.0
-2.6464848454440553,0.0651661375661375,15.242315970000002,0.0
-3.8632328412587142,0.26310858895705513,23.5066125,0.0
-3.9580669439295533,0.1988186746987951,33.18362757,0.0
-2.6693103727862795,-1.269766471004959,5.658345000000001,1.0
-1.9358608132023118,0.48693400382524205,6.57527481,1.0
-3.03032371832361,0.05846774193548387,11.995305,0.0
-3.892220378131966,0.19515088757396454,21.038605680000003,0.0
-2.862951162320172,-2.0609216431330237,6.682601429999999,1.0
-0.3930425881096072,0.004032793522267258,0.137835,0.0
-2.611831343361667,0.030939719626168285,8.84714422,0.0
-0.8472311959426604,-0.17534751812682484,0.6161125,1.0
-2.8150787738607335,-1.0584589993533209,4.942247170000001,1.0
-0.9421214919086767,-0.4557342640055913,1.14667466,1.0
-0.10192198972538395,0.04140981600865845,0.50420073,1.0
-3.661264287080963,0.18376540880503153,17.39365206,0.0
-1.6809339141391704,0.011003829787234083,5.31213704,0.0
-3.7986943201211427,0.2828019867549669,19.788254079999998,0.0
-0.27865626124446846,0.006290763052208785,0.10723856,0.0
-0.292091780940481,0.004146311475409797,0.5755563600000001,0.0
-2.3217679124108197,-0.2505319515857728,3.6877457700000007,1.0
-1.6771815645206198,0.015641630901287527,5.26278627,0.0
-3.6268440631944836,0.1354908571428572,18.843437339999998,0.0
-2.2386717672503926,-0.7585373509102322,2.92039228,1.0
-1.5255564284533982,-0.16966999638090632,1.00774275,1.0
-2.838728524744326,-0.8351397699480281,7.293001950000001,1.0
-3.78539035449478,0.16148806818181816,19.99482511,0.0
-1.9207298505250152,3.0575605002436266,31.5005472,1.0
-3.0470255679415414,0.7084833333333332,8.191968750000001,0.0
-1.6255672943639838,-0.04901485436187991,1.17834,1.0
-3.66516292749662,0.23748987341772157,22.69610752,0.0
-3.7255434384855275,0.31837225806451613,21.4604475,0.0
-2.9299445330159877,-1.2832504177547353,6.20797428,1.0
-1.8714522381373033,2.517672840378905,22.45080888,1.0
-1.5403783765026058,0.01657429906542053,9.91047494,0.0
-2.4841069696174363,-0.7098691283876468,12.124275,1.0
-3.523365015636363,0.08088350515463912,14.2014239,0.0
-2.0402208285265546,-0.25618449885442013,2.406079,1.0
-2.276917346245468,0.03303494623655911,29.37138408,0.0
-3.024131748075689,0.09379534883720932,22.487827499999998,0.0
-2.4068351143678446,-0.8311303682698407,7.68627783,1.0
-1.4329667693183212,0.11244399797622802,7.03075462,1.0
-3.228926160721702,0.08233010204081628,14.640286320000001,0.0
-1.9498177738863303,-2.141736009780337,11.181820160000001,1.0
-0.7609978474681197,0.1270869519529727,9.64184,1.0
-2.783851914518492,0.1020346153846154,41.173990440000004,0.0
-2.0596389143836564,-0.4032827221988839,2.9420625,1.0
-1.7350011354094461,-0.12532895249783765,1.642725,1.0
-3.5473798918402366,0.14438975903614465,18.60600096,0.0
-2.7196168374736756,0.03622341463414639,14.33133231,0.0
-2.6464848454440553,0.04590362694300515,8.74640125,0.0
-0.0674226763174342,0.022402447581180544,1.82678616,1.0
-0.21678878567620194,0.028789389894134473,2.20396125,1.0
-1.271538123821702,0.010548458149779708,4.36139768,0.0
-3.9322257127456655,0.29631375000000004,22.76188964,0.0
-3.5613661338149765,0.12010659340659337,16.269650000000002,0.0
-1.3882963637905636,-0.06778869378854961,1.1019666499999998,1.0
-0.7850431952644823,0.008129279279279264,6.3720818800000005,0.0
-4.110473944151984,0.206160843373494,48.87562276,0.0
-2.34236596300589,0.039196568627451044,37.682808879999996,0.0
-2.614559858014871,-0.905040206839695,5.046225,1.0
-1.9044803392921736,-0.295092463947167,1.77811913,1.0
-1.2909841813155656,0.20869825265946107,18.975,1.0
-0.9628583676904899,-0.07794811912681188,0.50748856,1.0
-0.42709740823527825,-0.05292365802280818,0.18215008,1.0
-2.670754416358513,-1.0145679505088805,4.688590639999999,1.0
-2.4769384801388235,-0.5678602345569594,3.7964472000000002,1.0
-3.405205403059694,0.15730838709677422,26.54326056,0.0
-4.028556821684098,0.2843905405405405,30.1098926,0.0
-1.2441005954167152,-2.018857611369227,23.75007206,1.0
-3.9633162998156966,0.26157771084337345,23.0091577,0.0
-2.6091102532473065,-2.8258517131532233,5.70369088,1.0
-2.2063662352535025,-0.643028872093475,3.23281125,1.0
-2.877060743836492,0.04740757575757571,11.59615604,0.0
-2.58229899579665,0.048676213592232995,11.427885,0.0
-3.8490482062667577,0.11289479166666672,19.33667037,0.0
-3.499913354601313,0.08678641304347832,19.0852675,0.0
-1.0235975848626642,-0.12065922270245762,0.57638906,1.0
-2.694147295933219,-0.2651796895156469,5.022963919999999,1.0
-2.6255489795904663,0.023437272727272786,7.526284080000001,0.0
-2.605042451027981,-0.8295632545961605,4.346243749999999,1.0
-1.528780009416646,-0.12226689871771794,1.37217056,1.0
-2.579656986333811,-0.6845218560020003,4.310806640000001,1.0
-1.7087059140927692,0.03134444444444449,33.67704813,0.0
-1.4056810749200808,-0.45547605071744063,1.0604900000000002,1.0
-2.104554242494911,-0.5703329281410421,11.50330073,1.0
-1.2180717287054375,0.0632076124681524,5.851900140000001,1.0
-3.8632328412587142,0.2782258064516129,21.0371007,0.0
-3.8443643569543315,0.1377176136363637,24.84638226,0.0
-2.9798589243977007,-0.7925042102405545,6.825615,1.0
-1.5901256014017275,0.05600989583333327,36.73427737,0.0
-3.338222582500767,0.08814835164835168,14.06480535,0.0
-3.6809112844647593,0.2915322580645161,16.78561416,0.0
-2.1328423184069516,0.016946969696969728,5.567035199999999,0.0
-1.919365593833201,0.9007286618796646,27.792315,1.0
-0.5144990291322995,0.006924793388429791,0.62272826,0.0
-0.864884943814255,-0.09613199474160919,0.36669387999999997,1.0
-3.789805372703897,0.2437932515337424,21.17469258,0.0
-2.3299562897901778,-0.7300067339109804,6.6480225,1.0
-3.4545981583892704,0.10674069767441857,27.405096840000002,0.0
-2.239610293832657,-0.20510949794323352,2.6700402,1.0
-2.145581344184381,-1.8741637843034264,2.5627914,1.0
-1.7849824849490312,0.028582439024390213,12.505999760000002,0.0
-2.4349742810397914,0.0647264248704663,27.505305,0.0
-0.9768372317421887,0.012489686098654723,6.0820563,0.0
-3.074775480894444,0.7268744885257853,9.786509039999999,1.0
-1.5154922995915725,-0.28881704139885506,0.9941425000000002,1.0
-0.5210443239603225,1.5541556830516372,19.11615625,1.0
-0.2682716789319575,0.0024249999999999736,3.18627549,0.0
-2.3602142058306823,-0.6310517065584371,3.51836352,1.0
-3.55434856115633,0.1367826086956522,14.51104512,0.0
-1.8924641733496874,0.01716321243523316,15.08255331,0.0
-1.2722516450792305,-0.07365786105116329,0.84292566,1.0
-1.0503937163976353,-0.13393222626647053,0.6034050000000001,1.0
-2.5613558219514063,0.02380859728506783,5.9350742400000005,0.0
-1.473596689522687,-0.5258326918206506,1.79080597,1.0
-2.610469872763346,0.041241988950276226,13.7206125,0.0
-2.2480969077099764,0.015877586206896607,6.77468352,0.0
-3.438899248846167,0.09809945945945951,16.34665857,0.0
-3.1442322818724353,0.4386155844155845,37.44006921,0.0
-2.9897502018764435,0.06340322580645165,34.802358739999995,0.0
-3.516608233173483,0.13449943181818177,17.26646922,0.0
-2.047942874620465,155.1873065015479,16.824825,1.0
-1.9477117710019416,-0.3398749329425988,2.05818858,1.0
-3.137295837875778,0.15178235294117648,17.24462978,0.0
-3.676950883248663,0.1504555555555555,18.25932625,0.0
-3.0966581921439515,0.09667368421052638,16.83681468,0.0
-3.4705474597969483,0.0762755319148936,21.85137626,0.0
-3.78539035449478,0.24180967741935488,21.77657989,0.0
-2.7287632426997517,-2.739274452129211,9.86410699,1.0
-0.7291889519072109,-0.15747921301412507,0.28735434,1.0
-3.0428238810878416,0.10615120481927719,11.86557534,0.0
-3.3298073855754824,0.9682510638297873,13.86832214,0.0
-3.825845309187094,0.27666322580645164,22.52593782,0.0
-1.7164664851926237,0.019477522935779874,22.19295,0.0
-2.557477342622836,-116.30932203389833,5.456,1.0
-2.2045513527226803,-1.707277430352524,2.76853,1.0
-2.4592389030394224,0.059110582010581975,13.5692091,0.0
-3.7465085669505727,0.23683821656050963,18.49423676,0.0
-3.564893474332945,0.09321902173913042,21.590304890000002,0.0
-2.9206248010671856,-3.317825629296565,6.91783862,1.0
-3.523365015636363,0.08992565445026184,18.927444849999997,0.0
-1.4007990473227723,0.01193193277310923,2.31,0.0
-1.6675968266076324,-0.06980285624610456,1.2068874600000001,1.0
-1.209990876651499,0.009749586776859479,1.6835775600000003,0.0
-2.3816283003344987,-3.9736633270508883,4.40016192,1.0
-3.0597376035299035,-2.032097009977393,6.92029198,1.0
-2.9299445330159877,-26.539400028706766,7.013422500000001,1.0
-1.9689740886538651,-0.1323528006802266,1.8531900000000001,1.0
-3.1677075382938016,-1.3786800462258433,8.81135739,1.0
-2.208184417572561,-0.24778238535419966,2.48969658,1.0
-1.9498177738863303,-0.7429956018895586,3.151945,1.0
-3.103317484233928,-0.8554534263993725,8.33063375,1.0
-3.763603000309873,0.1458900621118013,18.652605119999997,0.0
-2.4281483159693913,-0.3623387969049006,3.78194544,1.0
-2.4817117588914814,-1.541859966622265,4.32212,1.0
-0.008334636790057628,0.027245391840609878,0.0041651399999999995,1.0
-2.232126629345484,-4.266976053899339,4.57277191,1.0
-1.6702500518308578,0.04562320441988952,105.46415588,0.0
-3.5370171048046903,0.15942857142857148,21.30132222,0.0
-3.2467610283577364,0.1635248677248678,14.909724259999997,0.0
-1.584257613903802,-0.6201081616513426,8.14929983,1.0
-2.3612740893427255,0.02851571428571433,11.77178019,0.0
-3.3696987146027846,-1.417434618024232,10.75788448,1.0
-2.198225077669803,-1.472654962536529,10.2295824,1.0
-2.262403303361214,0.02498142857142863,6.6597975,0.0
-3.6343912688298667,0.10571139896373055,21.49719,0.0
-2.4545714499919273,0.40852922581757545,10.74072125,1.0
-2.632479014255136,-1.3354135600627133,4.2726575,1.0
-3.1055471395611973,0.08728361581920899,32.29146816,0.0
-2.3773086391899825,0.04210052910052907,22.852009279999997,0.0
-3.645819964653489,0.3048711409395974,17.851854510000003,0.0
-2.946942109384559,0.03881601941747579,16.46312325,0.0
-1.5881657771585607,0.011304608294930905,13.98603069,0.0
-2.4213686289840126,0.022922727272727303,7.93132296,0.0
-2.628315233083357,-0.44757199610788256,5.50765426,1.0
-1.7969730362809424,-0.6409030510715943,2.93189114,1.0
-2.565249402470539,-2.881141902161777,6.290742979999999,1.0
-3.267540996849482,0.07674886363636366,41.398191270000005,0.0
-2.08104282304681,-0.2139668315791175,2.23392,1.0
-3.473768074496991,0.11817590361445782,15.7162281,0.0
-1.2880793136229356,-0.06984586188171941,0.8676116399999999,1.0
-2.9022419304666522,0.03231047619047621,12.250935,0.0
-1.4550015591296814,-4.667471430870755,1.896375,1.0
-3.3270179834879037,0.3369439393939393,11.79479422,0.0
-1.0659515064285614,-0.0401859636261877,0.62567148,1.0
-2.128631785870608,-1.967043963041416,31.7234127,1.0
-3.151217176394386,0.08316505376344092,25.298900240000002,0.0
-2.233992301528434,14.329826407154135,18.428782679999998,1.0
0.0,0.006653252032520287,0.0,0.0
-2.4793222714941,-1.6212869634870837,4.45746446,1.0
-2.287696480500295,-0.26473037672341787,3.1794875,1.0
-1.8476951015583585,0.011108860759493685,2.6883880799999997,0.0
-3.6381863397984184,0.22160915032679745,21.11473671,0.0
-3.6343912688298667,0.31906814159292035,19.640063519999998,0.0
-0.8682151086425918,0.07704704562742544,4.0186275,1.0
-0.7715412479879573,-0.11147757187111668,0.31783125,1.0
-4.160484364726646,0.18699766081871338,34.18902552,0.0
-3.473768074496991,0.20333026315789482,29.399237499999998,0.0
-2.0786418615092717,0.12556477987421383,29.317184999999995,0.0
-3.3784578946926658,0.10282857142857141,16.58993303,0.0
-3.4203802010789293,0.08524462365591401,24.9770775,0.0
-0.8367866307615561,-0.089023725554625,0.39520374999999996,1.0
-3.750754857832024,0.3233190789473684,17.33164245,0.0
-2.835315552148086,-0.7571659428911923,5.571610290000001,1.0
-1.093027910374209,0.00567885462555062,6.54199784,0.0
-1.2772606000957683,-0.1232355156797164,0.84219904,1.0
-1.9105430052180221,0.013399999999999973,6.4423216000000005,0.0
-3.2264040912889924,0.06484009661835746,13.58517723,0.0
-2.45108510131249,-0.6735141023270079,3.8039370399999997,1.0
-2.0619946280761154,0.01771535087719294,4.12764,0.0
-2.570464538149647,0.06298258426966298,52.417165049999994,0.0
-0.9802960618500675,-0.05646858102458952,0.78949584,1.0
-3.9633162998156966,0.3758278145695364,29.154230799999997,0.0
-0.9747146520118721,0.1044971195988038,13.88150841,1.0
-2.9603651297166995,0.0716788177339902,10.8773525,0.0
-2.322787800311565,0.08363397435897432,35.893725,0.0
-3.6119184129778077,0.3062705882352941,18.9477009,0.0
-0.640934309113011,-0.06242002161029917,0.26561256,1.0
-3.402197881995739,0.1747393939393939,42.46804944000001,0.0
-2.5497652221364966,-0.3406997335586171,4.86855875,1.0
-2.1991263846258158,0.03413262032085563,21.371816250000002,0.0
-0.6861715668235201,0.00952166666666668,1.8839459499999998,0.0
-2.5157783134550877,0.025087793427230106,7.21476936,0.0
-2.283763338753458,-0.434754110582673,6.139475,1.0
-3.91703554725169,0.20639578313253007,34.49399733,0.0
-1.923463960225483,-0.4008749326548032,3.5435386200000005,1.0
-1.3401744255063375,0.010998617511520694,11.558469999999998,0.0
-0.396455813950577,0.009206224066390094,0.35034216,0.0
-0.654888468442855,0.09721865677587262,13.7039944,1.0
-0.8996794660689582,0.07914865674226625,9.93027189,1.0
-3.6306105459899607,0.08603499999999997,16.468205049999998,0.0
-3.835061964292018,0.22845290322580647,21.95549928,0.0
-3.2441936328524905,-1.7756495374078711,9.503325,1.0
-2.131998792418512,-1.637604683211816,3.3637925,1.0
-3.4802405890026082,0.23263312101910835,17.09836436,0.0
-3.9792317551215963,0.1545601123595505,33.721865210000004,0.0
-1.6450650900772514,-0.30896986942062515,1.7185105999999999,1.0
-2.9299445330159877,-3.497768078563635,15.603036780000002,1.0
-2.197324582336553,-0.5141730486259161,2.7710228700000004,1.0
-2.7333680090865,0.030390430622009523,11.910977,0.0
-3.0470255679415414,-1.7713187892924755,7.95446875,1.0
-1.1267031688346354,0.008086776859504105,2.2984199700000003,0.0
-1.8944568674663977,0.41913033910310604,10.48790336,1.0
-2.6366602050155374,-0.9452588066955869,5.35956072,1.0
-3.6156289923743437,0.1703561728395062,18.153801249999997,0.0
-0.6614547338274556,-0.0742959719502156,0.24297988,1.0
-1.162191270310981,-0.1741661085663505,0.6672962400000001,1.0
-0.5875266986962615,0.0054685714285714155,0.70390519,0.0
-2.9022419304666522,-14.385658710966252,8.25032808,1.0
-2.6549834801655177,-0.7328488436550701,4.5364027600000005,1.0
-2.4258833093385395,-9.063254466441334,3.67706872,1.0
-2.928073625080176,-1.0762358672915509,7.376981249999999,1.0
-3.7422802308410517,0.2647568627450981,19.02112704,0.0
-1.4287844127408427,0.08697233425831316,7.720103679999999,1.0
-2.2995895840142473,0.06342041884816758,23.20315125,0.0
-3.009831197933493,0.04524597156398101,8.097732059999998,0.0
-1.7435408969575807,-0.16174738708744885,1.6294908300000002,1.0
